<?xml version="1.0" encoding="UTF-8"?>
<!DOCTYPE hibernate-configuration PUBLIC
		"-//Hibernate/Hibernate Configuration DTD 3.0//EN"
		"http://www.hibernate.org/dtd/hibernate-configuration-3.0.dtd">
<hibernate-configuration>
	<session-factory>
		<property name="hibernate.connection.driver_class">com.mysql.jdbc.Driver</property>
		<property name="hibernate.connection.password">mypass</property>
		<property name="hibernate.connection.url">jdbc:mysql://localhost:3306/worldCup?createDatabaseIfNotExist=true</property>
		<property name="hibernate.connection.username">talha</property>
		<property name="hibernate.dialect">org.hibernate.dialect.MySQL5Dialect</property>
		<property name="hbm2ddl.auto">create</property>
		<property name="hibernate.show_sql">true</property>
		<property name="format_sql">false</property>
		<mapping class="com.hibernate.Assignment.Team"/>
		<mapping class="com.hibernate.Assignment.Role"/>
		<mapping class="com.hibernate.Assignment.Player"/>
		<mapping class="com.hibernate.Assignment.Game"/>
		<mapping class="com.hibernate.Assignment.Result"/>
	</session-factory>
</hibernate-configuration>